id,generated
0000aaaa,0.5489100431381682
1111bbbb,0.5446651006256563
2222cccc,0.6
